Task ID,Owner,Week,Scope,Priority,Hours,Difficulty,Issue,Dependencies
M1-01,Gia Hưng,W01,MUST,P0,16,5.0,https://github.com/Hungle2910/ai-exam-bank/issues/1,
M2-01,Hữu Phước,W01,MUST,P0,16,4.0,https://github.com/Hungle2910/ai-exam-bank/issues/2,M1-01
M3-01,Minh Phúc,W01,MUST,P0,16,4.0,https://github.com/Hungle2910/ai-exam-bank/issues/3,M1-01
M4-01,Thiên Phúc,W01,MUST,P0,18,4.0,https://github.com/Hungle2910/ai-exam-bank/issues/4,M1-01
M5-01,Gia Bảo,W01,MUST,P0,16,4.0,https://github.com/Hungle2910/ai-exam-bank/issues/5,"M1-01,M2-01"
M1-02,Gia Hưng,W02,MUST,P0,20,4.0,https://github.com/Hungle2910/ai-exam-bank/issues/6,"M1-01,M4-01,M3-01"
M2-02,Hữu Phước,W02,MUST,P0,20,4.0,https://github.com/Hungle2910/ai-exam-bank/issues/7,"M2-01,M3-01"
M3-02,Minh Phúc,W02,MUST,P0,18,4.0,https://github.com/Hungle2910/ai-exam-bank/issues/8,"M3-01,M1-01"
M4-02,Thiên Phúc,W02,MUST,P0,22,4.0,https://github.com/Hungle2910/ai-exam-bank/issues/9,"M4-01,M3-02"
M5-02,Gia Bảo,W02,MUST,P0,20,4.0,https://github.com/Hungle2910/ai-exam-bank/issues/10,"M5-01,M3-02,M1-01"
M1-03,Gia Hưng,W03,MUST,P0,22,5.0,https://github.com/Hungle2910/ai-exam-bank/issues/11,"M1-02,M4-02,M3-03,M5-02"
M2-03,Hữu Phước,W03,MUST,P0,22,3.0,https://github.com/Hungle2910/ai-exam-bank/issues/12,"M2-01,M4-02,M5-02,M3-02"
M3-03,Minh Phúc,W03,MUST,P0,22,5.0,https://github.com/Hungle2910/ai-exam-bank/issues/13,"M3-02,M4-02,M1-01"
M4-03,Thiên Phúc,W03,MUST,P0,22,4.0,https://github.com/Hungle2910/ai-exam-bank/issues/14,"M4-02,M3-03"
M5-03,Gia Bảo,W03,MUST,P0,20,5.0,https://github.com/Hungle2910/ai-exam-bank/issues/15,"M5-02,M1-03,M2-03"
M1-04,Gia Hưng,W04,MUST,P0,20,5.0,https://github.com/Hungle2910/ai-exam-bank/issues/16,"M1-03,M5-03,M4-04"
M2-04,Hữu Phước,W04,MUST,P0,20,4.0,https://github.com/Hungle2910/ai-exam-bank/issues/17,"M2-02,M2-03,M4-03,M5-03"
M3-04,Minh Phúc,W04,MIXED,P0,20,4.0,https://github.com/Hungle2910/ai-exam-bank/issues/18,"M3-03,M4-04,M2-02"
M4-04,Thiên Phúc,W04,MUST,P0,24,5.0,https://github.com/Hungle2910/ai-exam-bank/issues/19,"M4-01,M2-02,M3-01"
M5-04,Gia Bảo,W04,MUST,P0,20,4.0,https://github.com/Hungle2910/ai-exam-bank/issues/20,"M5-03,M1-04,M4-04"
M1-05,Gia Hưng,W05,MUST,P0,20,5.0,https://github.com/Hungle2910/ai-exam-bank/issues/21,"M1-04,M4-05,M3-03,M5-04"
M2-05,Hữu Phước,W05,MUST,P0,18,4.0,https://github.com/Hungle2910/ai-exam-bank/issues/22,M2-04
M3-05,Minh Phúc,W05,MUST,P0,20,4.0,https://github.com/Hungle2910/ai-exam-bank/issues/23,"M3-03,M4-05,M5-01"
M4-05,Thiên Phúc,W05,MUST,P0,24,5.0,https://github.com/Hungle2910/ai-exam-bank/issues/24,"M4-04,M3-04,M1-04"
M5-05,Gia Bảo,W05,MUST,P0,18,4.0,https://github.com/Hungle2910/ai-exam-bank/issues/25,"M5-04,M2-05"
M1-06,Gia Hưng,W06,MUST,P0,20,5.0,https://github.com/Hungle2910/ai-exam-bank/issues/26,"M1-05,M3-05,M4-03"
M2-06,Hữu Phước,W06,MUST,P0,18,4.0,https://github.com/Hungle2910/ai-exam-bank/issues/27,"M2-05,M5-05"
M3-06,Minh Phúc,W06,MUST,P0,18,4.0,https://github.com/Hungle2910/ai-exam-bank/issues/28,"M3-05,M1-06,M4-05"
M4-06,Thiên Phúc,W06,MUST,P0,20,4.0,https://github.com/Hungle2910/ai-exam-bank/issues/29,"M4-05,M3-06"
M5-06,Gia Bảo,W06,MUST,P0,20,4.0,https://github.com/Hungle2910/ai-exam-bank/issues/30,"M5-05,M1-06,M2-04,M3-06,M4-06"
M1-07,Gia Hưng,W07,MUST,P1,18,4.0,https://github.com/Hungle2910/ai-exam-bank/issues/31,"M1-06,M5-06"
M2-07,Hữu Phước,W07,MIXED,P1,18,4.0,https://github.com/Hungle2910/ai-exam-bank/issues/32,M2-06
M3-07,Minh Phúc,W07,MUST,P1,18,4.0,https://github.com/Hungle2910/ai-exam-bank/issues/33,M3-06
M4-07,Thiên Phúc,W07,MUST,P1,18,4.0,https://github.com/Hungle2910/ai-exam-bank/issues/34,M4-06
M5-07,Gia Bảo,W07,SHOULD,P2,18,5.0,https://github.com/Hungle2910/ai-exam-bank/issues/35,"M5-06,M4-06,M3-06,M1-06"
M1-08,Gia Hưng,W08,MIXED,P1,18,4.0,https://github.com/Hungle2910/ai-exam-bank/issues/36,M1-07
M2-08,Hữu Phước,W08,MIXED,P1,18,4.0,https://github.com/Hungle2910/ai-exam-bank/issues/37,"M2-04,M2-07"
M3-08,Minh Phúc,W08,MIXED,P1,18,4.0,https://github.com/Hungle2910/ai-exam-bank/issues/38,M3-07
M4-08,Thiên Phúc,W08,SHOULD,P2,18,4.0,https://github.com/Hungle2910/ai-exam-bank/issues/39,"M1-07,M4-07,M5-06,M3-07,M2-07"
M5-08,Gia Bảo,W08,SHOULD,P2,18,5.0,https://github.com/Hungle2910/ai-exam-bank/issues/40,"M5-07,M2-07,M1-07"
M1-09,Gia Hưng,W09,MUST,P1,16,4.0,https://github.com/Hungle2910/ai-exam-bank/issues/41,"M1-08,M2-08,M3-08,M4-07,M5-06"
M2-09,Hữu Phước,W09,MUST,P1,18,4.0,https://github.com/Hungle2910/ai-exam-bank/issues/42,M2-08
M3-09,Minh Phúc,W09,MUST,P1,16,4.0,https://github.com/Hungle2910/ai-exam-bank/issues/43,M3-08
M4-09,Thiên Phúc,W09,MUST,P1,16,4.0,https://github.com/Hungle2910/ai-exam-bank/issues/44,M4-07
M5-09,Gia Bảo,W09,MUST,P1,16,4.0,https://github.com/Hungle2910/ai-exam-bank/issues/45,M5-06
M1-10,Gia Hưng,W10,MUST,P1,14,3.0,https://github.com/Hungle2910/ai-exam-bank/issues/46,"M1-09,M2-09,M3-09,M4-09,M5-09"
M2-10,Hữu Phước,W10,MUST,P1,18,3.0,https://github.com/Hungle2910/ai-exam-bank/issues/47,"M1-09,M2-09,M3-09,M4-09,M5-09"
M3-10,Minh Phúc,W10,MUST,P1,14,3.0,https://github.com/Hungle2910/ai-exam-bank/issues/48,"M1-09,M2-09,M3-09,M4-09,M5-09"
M4-10,Thiên Phúc,W10,MUST,P1,14,3.0,https://github.com/Hungle2910/ai-exam-bank/issues/49,"M1-09,M2-09,M3-09,M4-09,M5-09"
M5-10,Gia Bảo,W10,MUST,P1,14,3.0,https://github.com/Hungle2910/ai-exam-bank/issues/50,"M1-09,M2-09,M3-09,M4-09,M5-09"
